order	player_raw	price	team_raw
1	Christian McCaffrey (SF - RB)	54	All up to Luck
2	Jahmyr Gibbs (Det - RB)	68	Jamie's Team
3	Bijan Robinson (Atl - RB)	64	Daniel's Dandy Team
4	Kyren Williams (LAR - RB)	30	Pooky and the Pumpkin Pounders
5	Jaxon Smith-Njigba (Sea - WR)	59	Cops and Rodgers
6	Ja'Marr Chase (Cin - WR)	63	Sir Phobos
7	Puka Nacua (LAR - WR)	59	Jachizz Rogers
8	George Pickens (Dal - WR)	37	Injured Reserve
9	A.J. Brown (NE - WR)	35	Cops and Rodgers
10	MarShawn Lloyd (GB - RB)	11	Sir Phobos
11	Derrick Henry (Bal - RB)	45	Jachizz Rogers
12	Saquon Barkley (Phi - RB)	50	Injured Reserve
13	Jonathan Taylor (Ind - RB)	60	Kempton's Alt Right
14	Amon-Ra St. Brown (Det - WR)	60	Stars and Scrubs
15	CeeDee Lamb (Dal - WR)	46	Lev Bell's Roommates
16	Quinshon Judkins (Cle - RB)	22	Jachizz Rogers
17	Drake London (Atl - WR)	39	Pooky and the Pumpkin Pounders
18	James Cook III (Buf - RB)	48	Lev Bell's Roommates
19	Justin Jefferson (Min - WR)	50	All up to Luck
20	D'Andre Swift (Chi - RB)	27	Kempton's Alt Right
21	Josh Allen (Buf - QB)	31	Kempton's Alt Right
22	Kaelon Black (SF - RB)	8	Sir Phobos
23	Nico Collins (Hou - WR)	44	Daniel's Dandy Team
24	Cam Skattebo (NYG - RB)	25	Jachizz Rogers
25	Chase Brown (Cin - RB)	45	Stars and Scrubs
26	Harrison Mevis (LAR - K)	2	Daniel's Dandy Team
27	Malik Nabers (NYG - WR)	31	Injured Reserve
28	Bucky Irving (TB - RB)	19	Kempton's Alt Right
29	Ashton Jeanty (LV - RB)	40	Banks
30	Kenneth Walker III (KC - RB)	41	Lev Bell's Roommates
31	Rashee Rice (KC - WR)	32	Jachizz Rogers
32	David Montgomery (Hou - RB)	16	Kempton's Alt Right
33	DeVonta Smith (Phi - WR)	37	Pooky and the Pumpkin Pounders
34	Omarion Hampton (LAC - RB)	52	Sir Phobos
35	De'Von Achane (Mia - RB)	45	Injured Reserve
36	Josh Jacobs (GB - RB)	8	All up to Luck
37	Lamar Jackson (Bal - QB)	17	Banks
38	Brandon Aubrey (Dal - K)	4	Injured Reserve
39	Chris Olave (NO - WR)	32	Cops and Rodgers
40	Javonte Williams (Dal - RB)	32	Banks
41	Christian Watson (GB - WR)	17	All up to Luck
42	Brock Bowers (LV - TE)	38	Banks
43	Tee Higgins (Cin - WR)	31	All up to Luck
44	Terry McLaurin (Was - WR)	17	Lev Bell's Roommates
45	Dak Prescott (Dal - QB)	9	Injured Reserve
46	Quentin Johnston (LAC - WR)	13	Sir Phobos
47	Breece Hall (NYJ - RB)	28	Daniel's Dandy Team
48	Jalen Hurts (Phi - QB)	12	Sir Phobos
49	Jeremiyah Love (Ari - RB)	28	Stars and Scrubs
50	Cameron Dicker (LAC - K)	1	Jachizz Rogers
51	TreVeyon Henderson (NE - RB)	10	Cops and Rodgers
52	Travis Etienne Jr. (NO - RB)	25	Jamie's Team
53	Ladd McConkey (LAC - WR)	28	Banks
54	Trey McBride (Ari - TE)	26	Cops and Rodgers
55	Jameson Williams (Det - WR)	24	Kempton's Alt Right
56	Rams (LAR - DEF)	5	Sir Phobos
57	Texans (Hou - DEF)	4	Injured Reserve
58	Jaylen Waddle (Den - WR)	27	Banks
59	Isaiah Likely (NYG - TE)	7	Daniel's Dandy Team
60	Eagles (Phi - DEF)	2	Banks
61	Joe Burrow (Cin - QB)	10	Lev Bell's Roommates
62	Broncos (Den - DEF)	3	Pooky and the Pumpkin Pounders
63	Rhamondre Stevenson (NE - RB)	10	Stars and Scrubs
64	Rome Odunze (Chi - WR)	14	Lev Bell's Roommates
65	Zay Flowers (Bal - WR)	25	Pooky and the Pumpkin Pounders
66	Colston Loveland (Chi - TE)	20	Jamie's Team
67	Mike Evans (SF - WR)	15	Lev Bell's Roommates
68	Jayden Daniels (Was - QB)	6	Daniel's Dandy Team
69	Seahawks (Sea - DEF)	3	Kempton's Alt Right
70	Greg Dulcich (Mia - TE)	1	Sir Phobos
71	Garrett Wilson (NYJ - WR)	16	Jamie's Team
72	Travis Kelce (KC - TE)	2	Kempton's Alt Right
73	Drake Maye (NE - QB)	14	Stars and Scrubs
74	Patriots (NE - DEF)	1	Jachizz Rogers
75	Jadarian Price (Sea - RB)	12	Jamie's Team
76	Tetairoa McMillan (Car - WR)	20	Sir Phobos
77	DJ Moore (Buf - WR)	19	Jamie's Team
78	Tyler Warren (Ind - TE)	12	All up to Luck
79	Chargers (LAC - DEF)	2	Daniel's Dandy Team
80	Courtland Sutton (Den - WR)	11	Pooky and the Pumpkin Pounders
81	Dalton Kincaid (Buf - TE)	2	Injured Reserve
82	Will Reichard (Min - K)	1	Sir Phobos
83	Luther Burden III (Chi - WR)	20	Stars and Scrubs
84	Dallas Goedert (Phi - TE)	5	Sir Phobos
85	Harold Fannin Jr. (Cle - TE)	2	Pooky and the Pumpkin Pounders
86	Jaxson Dart (NYG - QB)	8	Injured Reserve
87	Emeka Egbuka (TB - WR)	11	Pooky and the Pumpkin Pounders
88	Jaylen Warren (Pit - RB)	9	Cops and Rodgers
89	Caleb Williams (Chi - QB)	6	Jamie's Team
90	Tucker Kraft (GB - TE)	5	Stars and Scrubs
91	Jason Myers (Sea - K)	1	Jamie's Team
92	Brian Thomas Jr. (Jax - WR)	5	Daniel's Dandy Team
93	Davante Adams (LAR - WR)	13	Daniel's Dandy Team
94	Emmett Johnson (KC - RB)	5	Sir Phobos
95	Marvin Harrison Jr. (Ari - WR)	7	Cops and Rodgers
96	Matthew Stafford (LAR - QB)	7	Daniel's Dandy Team
97	Parker Washington (Jax - WR)	12	Jamie's Team
98	Alec Pierce (Ind - WR)	9	Daniel's Dandy Team
99	Rico Dowdle (Pit - RB)	4	Cops and Rodgers
100	J.K. Dobbins (Den - RB)	10	All up to Luck
101	Sam LaPorta (Det - TE)	4	Pooky and the Pumpkin Pounders
102	Kyle Pitts Sr. (Atl - TE)	2	Daniel's Dandy Team
103	Steelers (Pit - DEF)	2	Cops and Rodgers
104	Trevor Lawrence (Jax - QB)	5	All up to Luck
105	Jonathon Brooks (Car - RB)	3	Pooky and the Pumpkin Pounders
106	Bhayshul Tuten (Jax - RB)	10	Jamie's Team
107	Vikings (Min - DEF)	1	Daniel's Dandy Team
108	Patrick Mahomes (KC - QB)	3	Kempton's Alt Right
109	Bo Nix (Den - QB)	3	Jachizz Rogers
110	George Kittle (SF - TE)	4	Jachizz Rogers
111	Juwan Johnson (NO - TE)	2	Banks
112	Brian Robinson (Atl - RB)	2	Cops and Rodgers
113	Carnell Tate (Ten - WR)	5	Pooky and the Pumpkin Pounders
114	Mark Andrews (Bal - TE)	1	Lev Bell's Roommates
115	Jaguars (Jax - DEF)	3	All up to Luck
116	Michael Wilson (Ari - WR)	5	Daniel's Dandy Team
117	Makai Lemon (Phi - WR)	3	Kempton's Alt Right
118	Justin Herbert (LAC - QB)	5	Cops and Rodgers
119	Tony Pollard (Ten - RB)	7	Pooky and the Pumpkin Pounders
120	Jordan Addison (Min - WR)	2	Kempton's Alt Right
121	DK Metcalf (Pit - WR)	5	Kempton's Alt Right
122	Hunter Henry (NE - TE)	2	Daniel's Dandy Team
123	RJ Harvey (Den - RB)	3	Daniel's Dandy Team
124	Aaron Jones Sr. (Min - RB)	1	Pooky and the Pumpkin Pounders
125	Chris Godwin Jr. (TB - WR)	3	Stars and Scrubs
126	Chuba Hubbard (Car - RB)	5	Pooky and the Pumpkin Pounders
127	Browns (Cle - DEF)	1	Jamie's Team
128	Jared Goff (Det - QB)	3	Pooky and the Pumpkin Pounders
129	Jacory Croskey-Merritt (Was - RB)	2	Stars and Scrubs
130	Jonah Coleman (Den - RB)	2	Pooky and the Pumpkin Pounders
131	Brock Purdy (SF - QB)	3	Banks
132	Josh Downs (Ind - WR)	3	Banks
133	Jordan Mason (Min - RB)	3	Jamie's Team
134	Matthew Golden (GB - WR)	3	Cops and Rodgers
135	Rachaad White (Was - RB)	1	All up to Luck
136	Blake Corum (LAR - RB)	4	Stars and Scrubs
137	Kyler Murray (Min - QB)	2	All up to Luck
138	Wil Lutz (Den - K)	1	Banks
139	Alvin Kamara (NO - RB)	2	Kempton's Alt Right
140	Stefon Diggs (Was - WR)	3	All up to Luck
141	Kenny Gainwell (TB - RB)	2	Injured Reserve
142	Harrison Butker (KC - K)	1	Kempton's Alt Right
143	Kyle Monangai (Chi - RB)	2	Cops and Rodgers
144	Ravens (Bal - DEF)	1	Stars and Scrubs
145	De'Zhaun Stribling (SF - WR)	3	Stars and Scrubs
146	Jayden Reed (GB - WR)	2	Stars and Scrubs
147	KC Concepcion (Cle - WR)	3	Jamie's Team
148	Zach Charbonnet (Sea - RB)	3	Banks
149	Michael Pittman Jr. (Pit - WR)	2	Jachizz Rogers
150	Jalen Coker (Car - WR)	1	Sir Phobos
151	Jordan Love (GB - QB)	2	Cops and Rodgers
152	Jakobi Meyers (Jax - WR)	1	Kempton's Alt Right
153	Khalil Shakir (Buf - WR)	1	Jachizz Rogers
154	Terrance Ferguson (LAR - TE)	1	Stars and Scrubs
155	Deebo Samuel Sr. (SF - WR)	1	All up to Luck
156	Wan'Dale Robinson (Ten - WR)	1	Lev Bell's Roommates
157	Ja'Kobi Lane (Bal - WR)	1	Jamie's Team
158	Mike Washington Jr. (LV - RB)	1	Banks
159	Rashid Shaheed (Sea - WR)	1	Injured Reserve
160	Chris Rodriguez Jr. (Jax - RB)	1	Sir Phobos
161	Chris Boswell (Pit - K)	1	Cops and Rodgers
162	Jayden Higgins (Hou - WR)	1	Kempton's Alt Right
163	Xavier Worthy (KC - WR)	2	Injured Reserve
164	Jordyn Tyson (NO - WR)	2	Jamie's Team
165	Romeo Doubs (NE - WR)	1	All up to Luck
166	Keaton Mitchell (LAC - RB)	1	Lev Bell's Roommates
167	Malik Willis (Mia - QB)	1	Jamie's Team
168	Keenan Allen (Ind - WR)	1	Banks
169	Najee Harris (NYG - RB)	1	Injured Reserve
170	Tyler Shough (NO - QB)	1	Sir Phobos
171	Kayshon Boutte (Hou - WR)	1	Cops and Rodgers
172	Jalen Nailor (LV - WR)	2	Injured Reserve
173	Tank Bigsby (Phi - RB)	1	Stars and Scrubs
174	Ricky Pearsall (SF - WR)	1	All up to Luck
175	Baker Mayfield (TB - QB)	1	Lev Bell's Roommates
176	Malik Davis (Dal - RB)	1	Banks
177	Jake Ferguson (Dal - TE)	1	Injured Reserve
178	Woody Marks (Hou - RB)	1	Sir Phobos
179	Denzel Boston (Cle - WR)	1	Jachizz Rogers
180	Cam Little (Jax - K)	1	Stars and Scrubs
181	Ka'imi Fairbairn (Hou - K)	1	All up to Luck
182	Dalton Schultz (Hou - TE)	1	Lev Bell's Roommates
183	Rashod Bateman (Bal - WR)	1	Banks
184	Aaron Rodgers (Pit - QB)	1	Injured Reserve
185	Tre Tucker (LV - WR)	1	Jachizz Rogers
186	Tyler Allgeier (Ari - RB)	1	Lev Bell's Roommates
187	Malik Washington (Mia - WR)	1	Jachizz Rogers
188	Tyjae Spears (Ten - RB)	1	Lev Bell's Roommates
189	Sam Darnold (Sea - QB)	1	Jachizz Rogers
190	Tyler Loop (Bal - K)	1	Lev Bell's Roommates
191	Ray Davis (Buf - RB)	1	Jachizz Rogers
192	Cowboys (Dal - DEF)	1	Lev Bell's Roommates
