rank,player,team,pos,pos_rank,source
1,Josh Allen,Bills,QB,1,espn karabell 2025-08-12 via wayback
2,Lamar Jackson,Ravens,QB,2,espn karabell 2025-08-12 via wayback
3,Jayden Daniels,Commanders,QB,3,espn karabell 2025-08-12 via wayback
4,Jalen Hurts,Eagles,QB,4,espn karabell 2025-08-12 via wayback
5,Joe Burrow,Bengals,QB,5,espn karabell 2025-08-12 via wayback
6,Ja'Marr Chase,Bengals,WR,1,espn karabell 2025-08-12 via wayback
7,Justin Jefferson,Vikings,WR,2,espn karabell 2025-08-12 via wayback
8,Puka Nacua,Rams,WR,3,espn karabell 2025-08-12 via wayback
9,CeeDee Lamb,Cowboys,WR,4,espn karabell 2025-08-12 via wayback
10,Amon-Ra St. Brown,Lions,WR,5,espn karabell 2025-08-12 via wayback
11,Malik Nabers,Giants,WR,6,espn karabell 2025-08-12 via wayback
12,Bijan Robinson,Falcons,RB,1,espn karabell 2025-08-12 via wayback
13,Jahmyr Gibbs,Lions,RB,2,espn karabell 2025-08-12 via wayback
14,Saquon Barkley,Eagles,RB,3,espn karabell 2025-08-12 via wayback
15,Derrick Henry,Ravens,RB,4,espn karabell 2025-08-12 via wayback
16,Patrick Mahomes,Chiefs,QB,6,espn karabell 2025-08-12 via wayback
17,Baker Mayfield,Buccaneers,QB,7,espn karabell 2025-08-12 via wayback
18,Brock Purdy,49ers,QB,8,espn karabell 2025-08-12 via wayback
19,Kyler Murray,Cardinals,QB,9,espn karabell 2025-08-12 via wayback
20,Bo Nix,Broncos,QB,10,espn karabell 2025-08-12 via wayback
21,Nico Collins,Texans,WR,7,espn karabell 2025-08-12 via wayback
22,Brian Thomas Jr.,Jaguars,WR,8,espn karabell 2025-08-12 via wayback
23,A.J. Brown,Eagles,WR,9,espn karabell 2025-08-12 via wayback
24,Ashton Jeanty,Raiders,RB,5,espn karabell 2025-08-12 via wayback
25,Bucky Irving,Buccaneers,RB,6,espn karabell 2025-08-12 via wayback
26,De'Von Achane,Dolphins,RB,7,espn karabell 2025-08-12 via wayback
27,Jonathan Taylor,Colts,RB,8,espn karabell 2025-08-12 via wayback
28,Josh Jacobs,Packers,RB,9,espn karabell 2025-08-12 via wayback
29,Tyreek Hill,Dolphins,WR,10,espn karabell 2025-08-12 via wayback
30,Drake London,Falcons,WR,11,espn karabell 2025-08-12 via wayback
31,Tee Higgins,Bengals,WR,12,espn karabell 2025-08-12 via wayback
32,Caleb Williams,Bears,QB,11,espn karabell 2025-08-12 via wayback
33,Justin Herbert,Chargers,QB,12,espn karabell 2025-08-12 via wayback
34,Justin Fields,Jets,QB,13,espn karabell 2025-08-12 via wayback
35,Drake Maye,Patriots,QB,14,espn karabell 2025-08-12 via wayback
36,Dak Prescott,Cowboys,QB,15,espn karabell 2025-08-12 via wayback
37,Christian McCaffrey,49ers,RB,10,espn karabell 2025-08-12 via wayback
38,Ladd McConkey,Chargers,WR,13,espn karabell 2025-08-12 via wayback
39,Davante Adams,Rams,WR,14,espn karabell 2025-08-12 via wayback
40,Jaxon Smith-Njigba,Seahawks,WR,15,espn karabell 2025-08-12 via wayback
41,Garrett Wilson,Jets,WR,16,espn karabell 2025-08-12 via wayback
42,Trey McBride,Cardinals,TE,1,espn karabell 2025-08-12 via wayback
43,Brock Bowers,Raiders,TE,2,espn karabell 2025-08-12 via wayback
44,Mike Evans,Buccaneers,WR,17,espn karabell 2025-08-12 via wayback
45,Terry McLaurin,Commanders,WR,18,espn karabell 2025-08-12 via wayback
46,Jared Goff,Lions,QB,16,espn karabell 2025-08-12 via wayback
47,J.J. McCarthy,Vikings,QB,17,espn karabell 2025-08-12 via wayback
48,Matthew Stafford,Rams,QB,18,espn karabell 2025-08-12 via wayback
49,C.J. Stroud,Texans,QB,19,espn karabell 2025-08-12 via wayback
50,Tua Tagovailoa,Dolphins,QB,20,espn karabell 2025-08-12 via wayback
51,Trevor Lawrence,Jaguars,QB,21,espn karabell 2025-08-12 via wayback
52,Jordan Love,Packers,QB,22,espn karabell 2025-08-12 via wayback
53,Chase Brown,Bengals,RB,11,espn karabell 2025-08-12 via wayback
54,Kyren Williams,Rams,RB,12,espn karabell 2025-08-12 via wayback
55,James Cook,Bills,RB,13,espn karabell 2025-08-12 via wayback
56,Kenneth Walker III,Seahawks,RB,14,espn karabell 2025-08-12 via wayback
57,Marvin Harrison Jr.,Cardinals,WR,19,espn karabell 2025-08-12 via wayback
58,DJ Moore,Bears,WR,20,espn karabell 2025-08-12 via wayback
59,DK Metcalf,Steelers,WR,21,espn karabell 2025-08-12 via wayback
60,Alvin Kamara,Saints,RB,15,espn karabell 2025-08-12 via wayback
61,Chuba Hubbard,Panthers,RB,16,espn karabell 2025-08-12 via wayback
62,Omarion Hampton,Chargers,RB,17,espn karabell 2025-08-12 via wayback
63,James Conner,Cardinals,RB,18,espn karabell 2025-08-12 via wayback
64,Breece Hall,Jets,RB,19,espn karabell 2025-08-12 via wayback
65,Michael Penix Jr.,Falcons,QB,23,espn karabell 2025-08-12 via wayback
66,Bryce Young,Panthers,QB,24,espn karabell 2025-08-12 via wayback
67,Cameron Ward,Titans,QB,25,espn karabell 2025-08-12 via wayback
68,Courtland Sutton,Broncos,WR,22,espn karabell 2025-08-12 via wayback
69,Zay Flowers,Ravens,WR,23,espn karabell 2025-08-12 via wayback
70,Calvin Ridley,Titans,WR,24,espn karabell 2025-08-12 via wayback
71,Jaylen Waddle,Dolphins,WR,25,espn karabell 2025-08-12 via wayback
72,Aaron Jones,Vikings,RB,20,espn karabell 2025-08-12 via wayback
73,David Montgomery,Lions,RB,21,espn karabell 2025-08-12 via wayback
74,D'Andre Swift,Bears,RB,22,espn karabell 2025-08-12 via wayback
75,Isiah Pacheco,Chiefs,RB,23,espn karabell 2025-08-12 via wayback
76,Joe Mixon,Texans,RB,24,espn karabell 2025-08-12 via wayback
77,Tony Pollard,Titans,RB,25,espn karabell 2025-08-12 via wayback
78,DeVonta Smith,Eagles,WR,26,espn karabell 2025-08-12 via wayback
79,Jameson Williams,Lions,WR,27,espn karabell 2025-08-12 via wayback
80,Travis Hunter,Jaguars,WR,28,espn karabell 2025-08-12 via wayback
81,Jerry Jeudy,Browns,WR,29,espn karabell 2025-08-12 via wayback
82,George Kittle,49ers,TE,3,espn karabell 2025-08-12 via wayback
83,Sam LaPorta,Lions,TE,4,espn karabell 2025-08-12 via wayback
84,T.J. Hockenson,Vikings,TE,5,espn karabell 2025-08-12 via wayback
85,Travis Kelce,Chiefs,TE,6,espn karabell 2025-08-12 via wayback
86,Geno Smith,Raiders,QB,26,espn karabell 2025-08-12 via wayback
87,Sam Darnold,Seahawks,QB,27,espn karabell 2025-08-12 via wayback
88,Aaron Rodgers,Steelers,QB,28,espn karabell 2025-08-12 via wayback
89,David Njoku,Browns,TE,7,espn karabell 2025-08-12 via wayback
90,Mark Andrews,Ravens,TE,8,espn karabell 2025-08-12 via wayback
91,Evan Engram,Broncos,TE,9,espn karabell 2025-08-12 via wayback
92,Xavier Worthy,Chiefs,WR,30,espn karabell 2025-08-12 via wayback
93,Rashee Rice,Chiefs,WR,31,espn karabell 2025-08-12 via wayback
94,RJ Harvey,Broncos,RB,26,espn karabell 2025-08-12 via wayback
95,Kaleb Johnson,Steelers,RB,27,espn karabell 2025-08-12 via wayback
96,TreVeyon Henderson,Patriots,RB,28,espn karabell 2025-08-12 via wayback
97,Jakobi Meyers,Raiders,WR,32,espn karabell 2025-08-12 via wayback
98,Chris Olave,Saints,WR,33,espn karabell 2025-08-12 via wayback
99,Tetairoa McMillan,Panthers,WR,34,espn karabell 2025-08-12 via wayback
100,Rome Odunze,Bears,WR,35,espn karabell 2025-08-12 via wayback
101,George Pickens,Cowboys,WR,36,espn karabell 2025-08-12 via wayback
102,Chris Godwin,Buccaneers,WR,37,espn karabell 2025-08-12 via wayback
103,Jordan Addison,Vikings,WR,38,espn karabell 2025-08-12 via wayback
104,Stefon Diggs,Patriots,WR,39,espn karabell 2025-08-12 via wayback
105,Jaylen Warren,Steelers,RB,29,espn karabell 2025-08-12 via wayback
106,Rhamondre Stevenson,Patriots,RB,30,espn karabell 2025-08-12 via wayback
107,J.K. Dobbins,Broncos,RB,31,espn karabell 2025-08-12 via wayback
108,Tyler Shough,Saints,QB,29,espn karabell 2025-08-12 via wayback
109,Anthony Richardson,Colts,QB,30,espn karabell 2025-08-12 via wayback
110,Daniel Jones,Colts,QB,31,espn karabell 2025-08-12 via wayback
111,Jaxson Dart,Giants,QB,32,espn karabell 2025-08-12 via wayback
112,Russell Wilson,Giants,QB,33,espn karabell 2025-08-12 via wayback
113,Khalil Shakir,Bills,WR,40,espn karabell 2025-08-12 via wayback
114,Jauan Jennings,49ers,WR,41,espn karabell 2025-08-12 via wayback
115,Matthew Golden,Packers,WR,42,espn karabell 2025-08-12 via wayback
116,Cooper Kupp,Seahawks,WR,43,espn karabell 2025-08-12 via wayback
117,Deebo Samuel,Commanders,WR,44,espn karabell 2025-08-12 via wayback
118,Tucker Kraft,Packers,TE,10,espn karabell 2025-08-12 via wayback
119,Jake Ferguson,Cowboys,TE,11,espn karabell 2025-08-12 via wayback
120,Brian Robinson Jr.,Commanders,RB,32,espn karabell 2025-08-12 via wayback
121,Austin Ekeler,Commanders,RB,33,espn karabell 2025-08-12 via wayback
122,Tyrone Tracy Jr.,Giants,RB,34,espn karabell 2025-08-12 via wayback
123,Javonte Williams,Cowboys,RB,35,espn karabell 2025-08-12 via wayback
124,Cam Skattebo,Giants,RB,36,espn karabell 2025-08-12 via wayback
125,Quinshon Judkins,Browns,RB,37,espn karabell 2025-08-12 via wayback
126,Ricky Pearsall,49ers,WR,45,espn karabell 2025-08-12 via wayback
127,Rashid Shaheed,Saints,WR,46,espn karabell 2025-08-12 via wayback
128,Darnell Mooney,Falcons,WR,47,espn karabell 2025-08-12 via wayback
129,Hollywood Brown,Chiefs,WR,48,espn karabell 2025-08-12 via wayback
130,Adam Thielen,Panthers,WR,49,espn karabell 2025-08-12 via wayback
131,Keenan Allen,Chargers,WR,50,espn karabell 2025-08-12 via wayback
132,Travis Etienne Jr.,Jaguars,RB,38,espn karabell 2025-08-12 via wayback
133,Zach Charbonnet,Seahawks,RB,39,espn karabell 2025-08-12 via wayback
134,Keon Coleman,Bills,WR,51,espn karabell 2025-08-12 via wayback
135,Jayden Reed,Packers,WR,52,espn karabell 2025-08-12 via wayback
136,Jayden Higgins,Texans,WR,53,espn karabell 2025-08-12 via wayback
137,Emeka Egbuka,Buccaneers,WR,54,espn karabell 2025-08-12 via wayback
138,Jack Bech,Raiders,WR,55,espn karabell 2025-08-12 via wayback
139,Luther Burden III,Bears,WR,56,espn karabell 2025-08-12 via wayback
140,Rachaad White,Buccaneers,RB,40,espn karabell 2025-08-12 via wayback
141,Tyjae Spears,Titans,RB,41,espn karabell 2025-08-12 via wayback
142,Tank Bigsby,Jaguars,RB,42,espn karabell 2025-08-12 via wayback
143,Jordan Mason,Vikings,RB,43,espn karabell 2025-08-12 via wayback
144,Colston Loveland,Bears,TE,12,espn karabell 2025-08-12 via wayback
145,Tyler Warren,Colts,TE,13,espn karabell 2025-08-12 via wayback
146,Shedeur Sanders,Browns,QB,34,espn karabell 2025-08-12 via wayback
147,Kenny Pickett,Browns,QB,35,espn karabell 2025-08-12 via wayback
148,Dillon Gabriel,Browns,QB,36,espn karabell 2025-08-12 via wayback
149,Spencer Rattler,Saints,QB,37,espn karabell 2025-08-12 via wayback
150,Kirk Cousins,Falcons,QB,38,espn karabell 2025-08-12 via wayback
