rank,cost,player,position,fantasy_team,source
1,68,Ja'Marr Chase,WR,Sir Phobos,actual
2,66,Saquon Barkley,RB,Injured Reserve,actual
3,62,Bijan Robinson,RB,Stars and Scrubs,actual
4,61,Jahmyr Gibbs,RB,Kempton's Alt Right,actual
5,57,Amon-Ra St. Brown,WR,Stars and Scrubs,actual
6,52,Justin Jefferson,WR,Cops and Rodgers,actual
7,52,CeeDee Lamb,WR,Cops and Rodgers,actual
8,50,Christian McCaffrey,RB,All up to Luck,actual
9,50,Derrick Henry,RB,Kempton's Alt Right,actual
10,49,Malik Nabers,WR,Daniel's Dandy Team,estimated
11,47,Puka Nacua,WR,Jachizz Rogers,actual
12,44,Brian Thomas Jr.,WR,All up to Luck,actual
13,44,Josh Jacobs,RB,Banks,actual
14,43,Ashton Jeanty,RB,Jamie's Team,actual
15,43,De'Von Achane,RB,Daniel's Dandy Team,actual
16,40,Nico Collins,WR,Lev Bell’s Roommates,actual
17,40,Jonathan Taylor,RB,Cops and Rodgers,actual
18,38,A.J. Brown,WR,Injured Reserve,actual
19,38,Josh Allen,QB,Lev Bell’s Roommates,actual
20,36,Brock Bowers,TE,Banks,actual
21,35,Lamar Jackson,QB,Banks,actual
22,34,Drake London,WR,All up to Luck,actual
23,33,Bucky Irving,RB,Jachizz Rogers,actual
24,33,Chase Brown,RB,Lev Bell’s Roommates,actual
25,32,Kyren Williams,RB,Pooky and the Pumpkin Pounders,actual
26,31,Ladd McConkey,WR,Lev Bell’s Roommates,actual
27,30,Trey McBride,TE,Jachizz Rogers,actual
28,28,James Cook III,RB,Pooky and the Pumpkin Pounders,actual
29,27,Tee Higgins,WR,Jachizz Rogers,actual
30,27,Terry McLaurin,WR,Banks,actual
31,27,George Kittle,TE,Injured Reserve,actual
32,27,Mike Evans,WR,Kempton's Alt Right,actual
33,26,Jalen Hurts,QB,Jachizz Rogers,actual
34,26,Jaxon Smith-Njigba,WR,Pooky and the Pumpkin Pounders,actual
35,26,Alvin Kamara,RB,All up to Luck,actual
36,25,Jayden Daniels,QB,Jamie's Team,actual
37,24,TreVeyon Henderson,RB,Jamie's Team,actual
38,24,Marvin Harrison Jr.,WR,Cops and Rodgers,actual
39,23,Omarion Hampton,RB,Lev Bell’s Roommates,actual
40,23,James Conner,RB,Injured Reserve,estimated
41,22,Tyreek Hill,WR,Pooky and the Pumpkin Pounders,estimated
42,21,Breece Hall,RB,Pooky and the Pumpkin Pounders,actual
43,21,Travis Hunter,WR,Jamie's Team,estimated
44,20,Garrett Wilson,WR,Pooky and the Pumpkin Pounders,actual
45,20,Chuba Hubbard,RB,Sir Phobos,actual
46,20,Kenneth Walker III,RB,Jamie's Team,actual
47,20,Evan Engram,TE,Sir Phobos,estimated
48,19,Joe Burrow,QB,Stars and Scrubs,actual
49,18,Davante Adams,WR,Daniel's Dandy Team,actual
50,18,DeVonta Smith,WR,Banks,actual
51,17,DK Metcalf,WR,Injured Reserve,actual
52,17,Sam LaPorta,TE,Sir Phobos,actual
53,16,Xavier Worthy,WR,Stars and Scrubs,actual
54,16,DJ Moore,WR,Pooky and the Pumpkin Pounders,actual
55,16,Zay Flowers,WR,Kempton's Alt Right,actual
56,16,George Pickens,WR,Jamie's Team,actual
57,14,Calvin Ridley,WR,Jachizz Rogers,estimated
58,14,Jameson Williams,WR,Daniel's Dandy Team,actual
59,14,Patrick Mahomes,QB,Daniel's Dandy Team,estimated
60,14,Tony Pollard,RB,Banks,actual
61,14,Aaron Jones Sr.,RB,Sir Phobos,actual
62,13,Tyrone Tracy Jr.,RB,Daniel's Dandy Team,actual
63,12,D'Andre Swift,RB,Cops and Rodgers,actual
64,12,Courtland Sutton,WR,Lev Bell’s Roommates,actual
65,12,Jerry Jeudy,WR,Sir Phobos,actual
66,12,Rachaad White,RB,Pooky and the Pumpkin Pounders,actual
67,11,Tetairoa McMillan,WR,Jamie's Team,actual
68,11,Rome Odunze,WR,Sir Phobos,actual
69,11,T.J. Hockenson,TE,All up to Luck,estimated
70,11,Chris Olave,WR,Daniel's Dandy Team,actual
71,11,Travis Kelce,TE,Daniel's Dandy Team,actual
72,10,Jaylen Waddle,WR,Kempton's Alt Right,actual
73,10,Isiah Pacheco,RB,Jachizz Rogers,actual
74,10,Travis Etienne Jr.,RB,Jamie's Team,actual
75,8,RJ Harvey,RB,Stars and Scrubs,actual
76,8,Matthew Golden,WR,Jamie's Team,actual
77,8,Ricky Pearsall,WR,Stars and Scrubs,actual
78,8,Stefon Diggs,WR,All up to Luck,actual
79,8,Jaylen Warren,RB,Stars and Scrubs,actual
80,8,Mark Andrews,TE,Lev Bell’s Roommates,actual
81,8,Deebo Samuel Sr.,WR,All up to Luck,actual
82,7,Bo Nix,QB,Sir Phobos,actual
83,7,Kaleb Johnson,RB,Daniel's Dandy Team,estimated
84,7,Jordan Addison,WR,Stars and Scrubs,actual
85,7,Braelon Allen,RB,Sir Phobos,estimated
86,6,David Montgomery,RB,Kempton's Alt Right,actual
87,6,Joe Mixon,RB,Sir Phobos,estimated
88,5,Rashee Rice,WR,Jamie's Team,actual
89,5,Jakobi Meyers,WR,Sir Phobos,actual
90,5,Emeka Egbuka,WR,Jamie's Team,actual
91,5,David Njoku,TE,Stars and Scrubs,estimated
92,5,Kyler Murray,QB,Kempton's Alt Right,estimated
93,5,Brock Purdy,QB,Sir Phobos,actual
94,5,Austin Ekeler,RB,Kempton's Alt Right,estimated
95,5,J.K. Dobbins,RB,Pooky and the Pumpkin Pounders,estimated
96,5,Rhamondre Stevenson,RB,Banks,actual
97,5,Cooper Kupp,WR,Banks,actual
98,5,Justin Herbert,QB,All up to Luck,actual
99,5,Keenan Allen,WR,Banks,actual
100,5,Tyler Warren,TE,Jamie's Team,actual
101,5,Tank Bigsby,RB,Daniel's Dandy Team,estimated
102,5,Zach Charbonnet,RB,Kempton's Alt Right,actual
103,5,Nick Chubb,RB,Injured Reserve,actual
104,5,Jordan Love,QB,Pooky and the Pumpkin Pounders,actual
105,5,Broncos,DEF,Daniel's Dandy Team,actual
106,4,Baker Mayfield,QB,Cops and Rodgers,actual
107,4,Michael Pittman Jr.,WR,Lev Bell’s Roommates,actual
108,4,Jauan Jennings,WR,Kempton's Alt Right,actual
109,4,Keon Coleman,WR,Kempton's Alt Right,estimated
110,4,Dak Prescott,QB,Injured Reserve,actual
111,4,Josh Downs,WR,Pooky and the Pumpkin Pounders,estimated
112,4,Jordan Mason,RB,Banks,actual
113,4,Justin Fields,QB,All up to Luck,estimated
114,4,Colston Loveland,TE,Cops and Rodgers,actual
115,4,Dalton Kincaid,TE,Injured Reserve,actual
116,3,Chris Godwin Jr.,WR,Cops and Rodgers,actual
117,3,Jaydon Blue,RB,Jachizz Rogers,estimated
118,3,Cedric Tillman,WR,All up to Luck,estimated
119,3,Dylan Sampson,RB,Lev Bell’s Roommates,estimated
120,3,Quinshon Judkins,RB,Daniel's Dandy Team,actual
121,3,Ollie Gordon II,RB,Jamie's Team,actual
122,3,Rashod Bateman,WR,Injured Reserve,estimated
123,3,Christian Kirk,WR,Daniel's Dandy Team,estimated
124,3,Eagles,DEF,Injured Reserve,actual
125,2,Javonte Williams,RB,Pooky and the Pumpkin Pounders,actual
126,2,Cam Skattebo,RB,Sir Phobos,actual
127,2,Khalil Shakir,WR,Banks,actual
128,2,Jayden Reed,WR,Kempton's Alt Right,actual
129,2,Rashid Shaheed,WR,Injured Reserve,actual
130,2,Tucker Kraft,TE,Stars and Scrubs,estimated
131,2,Tyler Allgeier,RB,Jachizz Rogers,actual
132,2,Najee Harris,RB,Stars and Scrubs,estimated
133,2,Jayden Higgins,WR,Cops and Rodgers,actual
134,2,Marvin Mims Jr.,WR,Pooky and the Pumpkin Pounders,estimated
135,2,DeMario Douglas,WR,Stars and Scrubs,estimated
136,2,Brandon Aiyuk,WR,Injured Reserve,estimated
137,2,Chase McLaughlin,K,Daniel's Dandy Team,actual
138,2,Cameron Dicker,K,Pooky and the Pumpkin Pounders,estimated
139,2,Brandon Aubrey,K,Injured Reserve,actual
140,2,Jake Elliott,K,Sir Phobos,actual
141,2,Brian Robinson,RB,All up to Luck,estimated
142,2,AJ Dillon,RB,Sir Phobos,estimated
143,2,Cardinals,DEF,Jamie's Team,estimated
144,2,Kareem Hunt,RB,Injured Reserve,actual
145,2,Ravens,DEF,Kempton's Alt Right,actual
146,2,Steelers,DEF,Sir Phobos,estimated
147,2,Texans,DEF,Pooky and the Pumpkin Pounders,actual
148,2,Tyjae Spears,RB,Jachizz Rogers,actual
149,2,Vikings,DEF,Lev Bell’s Roommates,estimated
150,1,Caleb Williams,QB,All up to Luck,actual
151,1,Drake Maye,QB,Lev Bell’s Roommates,actual
152,1,Darnell Mooney,WR,Jachizz Rogers,actual
153,1,Xavier Legette,WR,Jachizz Rogers,actual
154,1,Bhayshul Tuten,RB,Lev Bell’s Roommates,actual
155,1,Jerome Ford,RB,Cops and Rodgers,estimated
156,1,J.J. McCarthy,QB,Stars and Scrubs,actual
157,1,C.J. Stroud,QB,Pooky and the Pumpkin Pounders,actual
158,1,Dallas Goedert,TE,Kempton's Alt Right,actual
159,1,Jake Ferguson,TE,Banks,actual
160,1,Trey Benson,RB,Jachizz Rogers,actual
161,1,Hunter Henry,TE,Lev Bell’s Roommates,actual
162,1,Jared Goff,QB,Banks,actual
163,1,Matthew Stafford,QB,Injured Reserve,actual
164,1,Romeo Doubs,WR,Jachizz Rogers,actual
165,1,Luther Burden III,WR,Cops and Rodgers,actual
166,1,Jake Bates,K,All up to Luck,actual
167,1,Chris Boswell,K,Lev Bell’s Roommates,actual
168,1,Harrison Butker,K,Jachizz Rogers,actual
169,1,Matt Gay,K,Stars and Scrubs,estimated
170,1,Ka'imi Fairbairn,K,Kempton's Alt Right,estimated
171,1,Trevor Lawrence,QB,Kempton's Alt Right,actual
172,1,Michael Penix Jr.,QB,Cops and Rodgers,estimated
173,1,--empty--,,Lev Bell’s Roommates,estimated
174,1,49ers,DEF,Stars and Scrubs,estimated
175,1,Bills,DEF,Jachizz Rogers,actual
176,1,Bryce Young,QB,Lev Bell’s Roommates,estimated
177,1,Cam Little,K,Jamie's Team,actual
178,1,Chiefs,DEF,Banks,actual
179,1,Chig Okonkwo,TE,All up to Luck,estimated
180,1,Cole Kmet,TE,Cops and Rodgers,estimated
181,1,Commanders,DEF,All up to Luck,estimated
182,1,DeAndre Hopkins,WR,Banks,estimated
183,1,Dont'e Thornton Jr.,WR,Stars and Scrubs,estimated
184,1,Evan McPherson,K,Daniel's Dandy Team,actual
185,1,Jacory Croskey-Merritt,RB,Jamie's Team,estimated
186,1,Kenny Gainwell,RB,Injured Reserve,actual
187,1,Kyle Monangai,RB,All up to Luck,actual
188,1,Packers,DEF,Cops and Rodgers,estimated
189,1,Rico Dowdle,RB,Cops and Rodgers,actual
190,1,Russell Wilson,QB,Daniel's Dandy Team,estimated
191,1,Wil Lutz,K,Banks,estimated
192,1,Younghoe Koo,K,Cops and Rodgers,estimated
